x0,x1,x2,x3,x4,x5,x6,x7,x8,x9,x10,x11,x12,x13,x14,x15,x16,x17,x18,x19,y,prediction
1.901715112447162,1.5480534767081302,2.2446470924318365,3.6117972279509662,5.50207999260782,0.4594750589690091,-0.7465633522699111,1.5490658272535005,-1.4000134368042836,3.158582905873049,0.5673304769866295,-4.73043970646174,3.9208135160945776,0.4182150782661971,-0.9283913734890614,-1.2829860191171991,1.1559177598371335,4.519094116067058,6.2361297501736255,2.054095582923644,0,0
-1.0961790760142294,-1.9160205657119065,-1.1609962941661895,0.2724677105587987,0.3006571951156913,0.7344258528096671,1.4224229552858216,-0.6731483354142767,0.3517474179806446,-1.5783119876291152,0.628102969833705,2.7131284187743825,-2.1631524916520326,0.0533842724790217,0.6407126825466778,0.7195977367172911,0.4097327856532576,-0.8267505739392534,-2.37478633738304,1.369781101962379,0,0
5.630208817614991,-1.1179254915513697,2.96799574445426,-1.679904786402873,-5.350366117359541,-0.7974854973437886,0.3805203053163029,-1.7233180679582372,5.136992880224029,0.9998636674355372,0.1426884122016302,1.5025793627043047,10.761497310463303,0.690700889348637,1.4900584747749577,-1.5035816799496242,0.3896992471166558,4.278703240826762,-0.3298455182160749,-0.069851868183643,0,0
-0.3049763450235108,0.8541631677233665,2.3031254932723573,1.043709793573742,2.007174001457103,-0.5753373680430791,0.2531836956992989,0.4353868438458528,1.846704843005553,-0.3758003262797399,0.8246686246914298,-2.123584994001148,3.449625478543347,-1.4292668796711452,0.10530919341461,0.5597188368950708,0.8468952643717607,2.5611494249154285,3.2325726957297256,1.8295625963212392,0,0
2.011043093272461,0.5230747141235623,-0.9398215250629648,-0.6962289893254825,0.3666139678592712,-0.6125509023540618,-0.4617450413461271,-1.8123449615828,2.376394003243412,0.4959238086910245,1.12643371674603,-0.3443271825346097,5.350628214517908,-1.304003177836638,-1.322976731988298,-2.1303069494946927,-1.9349509381076784,2.385628098831297,-2.0891687553018614,-0.3322727012500882,1,1
-0.7559441375639462,0.4641825700620084,0.9457827912615726,1.845720779601408,3.716781792217654,0.5888319515419477,0.1669676233341631,1.2974169188694122,0.2824467631309532,0.3924525663133547,-0.6107626557317373,-3.336799186397564,1.6095585955433367,1.460680332129137,0.2199243373170641,1.905559900935465,0.0223796133123522,3.215991375621206,3.902606799519111,0.7859740988654604,0,0
-1.3158659120042335,2.6972790656335977,-4.563262343261172,-1.7519102461508345,-5.71166495772466,0.9753357348887596,0.4489427181929976,4.050940761776467,-3.997746273502092,-0.2507447442199997,1.6826475940132972,1.1577267309885322,-2.6625962134656294,1.7481355725242844,1.3450454303192334,2.32262382654188,-2.6207660367818697,1.875147768296061,3.302858032116208,-0.9764255397315984,1,1
-0.7446575522962571,0.4364398175735804,-1.915357898454756,-1.3525354400985807,-1.1739024661382744,-0.3273255750723957,0.4917396407562205,0.8212179207862822,-0.0972144425879661,-0.3871562686248087,-0.4561683474800591,0.7731193206172713,-1.2470830364415602,0.76339307958197,-0.0343355369187911,2.5575327070108345,0.3052970767340455,1.2169182643147114,2.094165346215548,0.111223334840858,1,1
2.2838323242187286,-1.6682429677402777,-0.4817615528162469,-0.4584435910179951,0.2515756595770644,-0.9463138227477964,1.1748140575856918,2.8637369085233946,-1.903521664928819,0.1383552837067015,-0.3277950558774631,-0.5942700547581146,-1.2336499541783446,-1.878980944753828,-2.547324939994564,-2.761980105181769,-0.6971645019909929,-1.3498558704153365,-3.805362116090429,-0.100695872817177,1,1
-2.9593133163299985,-2.6775514352734744,-1.0101175252589585,1.6400697527201156,-0.8163634963682599,-1.1096093679030308,-1.681376891715264,0.6835674414180288,-1.8244034986489808,-2.3840416348733138,0.9758368916238178,3.889653895543548,-5.986877789068507,-0.0083607872714567,3.4464125015576688,3.1647725034941447,1.3642580773036497,-1.6868667125131545,-0.7123976453525024,-0.2546079860138835,0,0
1.6514319586884496,-1.996083021829394,-0.8560766084278062,-2.562723291901974,-4.0140981054897225,-0.6448958586443377,-0.7294370488476493,-1.42310526962396,2.839152141177946,-2.260889909721312,-1.3657959280509446,2.0618088069058653,1.7910252512900375,-0.5237042828895252,1.7570950751866228,4.0744868490364725,1.3448530820164009,0.7341688892955867,-2.063082021359784,-0.3467498910082427,0,0
0.1135554292173628,0.6900037367136422,0.6823622751428458,0.8845284582721109,-0.7084105938831142,-0.3484661913619803,0.9940027883688468,-3.2035531711202667,2.1032671857134537,-4.165775849236335,-0.186148218965649,-0.6414367929844641,4.221562872984486,-0.042267998434793,2.6389507758268724,1.147075292811653,0.1992910286615984,-0.1717300320720511,-3.886518225924898,-0.7709990128187286,0,0
0.5364219308325047,-0.7787652054465273,-1.2032923380184295,-1.494872210610238,1.5452844808616883,-1.4337934525515188,-0.5113694538727939,-5.601790295298176,1.6288397030353443,-0.3481816715491821,-0.2802959674966034,0.8578246380041243,11.755925408693516,1.7829945735094692,-3.190362208384089,-1.8203378002477315,-2.4148898476600493,2.3035347551754293,-6.619544275931304,-0.3480610705485975,1,1
-2.7800869081772746,-0.2317225151200146,-0.1717132786797031,-0.3927542367814209,1.3694368811068574,0.1337605740542292,1.0617847669583211,-1.090597050238684,3.4745737309437548,-2.36110875839767,-0.0364473202580377,0.7276064905430988,1.263648347944584,0.8052398579044068,0.0456984046513437,1.0735985667533292,-1.1638110075576362,1.0072160692697176,-0.9103165073980646,2.344053778832626,0,1
-0.3879110530408657,-1.6032189125626353,-1.6542349736183874,-0.6219427218934204,-0.32946219188225,0.8058977770010688,-0.0305930642307556,-2.5329298131498934,2.9899673714858115,0.3136008219224189,1.383424078555975,4.148565154006125,1.2216038530834026,0.2245994767082595,0.8648256870045967,1.5469979584531883,0.4976655266639541,2.565845655584938,0.7754468458211566,0.3147099423907597,1,1
-3.776015775601256,0.7313696723890223,2.878153869412898,-0.4790167649385135,-2.995659784706624,-0.2870822031150092,-1.0418869324773683,-1.882610042879373,4.350106203399809,-0.5965253885068197,-0.7892465948861971,0.3074335227100746,2.42596560557103,0.0840101909243512,4.460532519379346,3.774557089476408,-1.4441761935126407,1.1990629569874454,3.642617219175962,-0.2671915656552882,0,0
-1.3088023439565566,-0.1047460565088169,-2.8892519212432983,-1.8678836540971355,-0.5812505236659056,-0.8415074589115312,0.6331951786719153,0.8384400273465007,0.7544197125103986,-0.971103330293996,0.504154550950278,1.1299450362391046,-1.3661852802887766,-0.664267864958582,-0.6522904671582981,2.843599708363482,-0.5360837633740823,1.6044583581641896,0.9885806282673488,1.1012195807277088,1,1
-2.2518316420890074,2.4542766949633097,-0.2640097977880836,-1.833972656484464,-3.036034944518064,-1.1485833152387388,-0.2473509271489131,-1.735191746535392,1.5040234260813652,-1.6759808697519496,0.4408197989057157,1.9180427984459227,-0.2682999979555483,-0.7225967814014777,1.0754210500281056,2.104748396898247,1.3600327644407608,-0.5946438044085842,2.531149053225069,-0.2536404538925019,1,1
0.3618299434213226,0.1836872553779076,-1.2562364003617985,0.7051544191009196,2.925303296460562,0.1317501097472917,0.3624508686256106,0.8031236518577038,-0.7292838172362668,-5.518259900662618,-0.581443086342757,-3.279632800943215,0.2030241342034179,-0.01492537244296,-0.6597633113596728,2.84513504248928,1.8499471476344187,-0.1978751652782251,-3.512242837986439,-0.175358174394841,0,0
-0.6528403493226069,1.1966805036065034,-0.7685663275414713,2.045995544207796,-0.0229502916437684,-0.4347349681241912,-1.4951975873031556,2.2372418966667413,-3.2294034567079315,1.1090152514559517,-0.007708651482244,0.6346561639383883,-1.0713088491764962,0.008066759411136,0.7258909119257699,-1.6384728465803544,-0.7637395305614153,1.3657333773053058,2.7387340425786872,0.6055439825855826,1,1
3.612717236933914,0.4811914186631902,-0.2211533276070283,1.6556291117729025,1.4218178033050468,-1.2008189998350405,1.2740635835161491,1.195422412248755,-1.84709686490712,0.8851763156881883,-0.4023100227527226,-1.8430807285688005,4.584654050309399,-2.55254015202075,-2.79271700686979,-8.31163069251464,-3.9848092490204974,0.1006796446680837,-6.397553271509721,-0.8249606865912409,1,1
-2.48038509032068,3.956623732077527,2.079976760358268,2.766981701465592,5.679605613657325,-0.2308641111979353,-1.50860945437971,-3.1514934134909938,2.332493671568993,-4.36343409563408,-0.9183161373284012,-0.0933030111241044,4.242983942718468,0.2461839442959672,-2.34227591453768,-5.157733744383179,2.280982141709014,-0.3675344771228193,-0.9200989116011336,0.9151721507186228,1,1
-1.312617752078143,2.0375259894899145,0.7070505584395534,2.602667565530213,5.791865763705409,1.3741358241501094,-0.2810231972760544,2.3365269177582224,-1.6822108576334536,-0.4503480933456334,-0.1269878132049804,0.164549294361335,-0.4268821549517557,-1.1714831299709862,-4.372275461210515,-5.997104894925893,1.5906471074993789,0.5575264257974593,2.003808301961256,0.1656151250967222,1,1
-1.0656373335448694,-3.880898099636239,-1.0938339730194813,-3.248699994137024,-8.209144949338247,-1.8920849255849248,-0.1415844192943381,5.13659075271303,3.297542415831247,-2.635867127423955,-1.133946335967804,3.001525703878978,1.8286431618560224,1.7706418724626731,3.849184950227028,4.917885637668724,-4.550261634514014,4.087228661733616,-1.0044528767153784,0.7168795348194515,1,1
0.2981593589759203,-1.2540555873666936,-0.2153795497462247,0.4686843332724999,-1.1815935441434795,-0.3743900332069141,-0.926513254779748,-0.7315717333676008,0.6373385704339779,-2.6091122501377653,-1.5144140623981206,2.331194706954665,0.8308949574150181,-0.5335436258230818,1.1624978336045402,-0.562523188956528,0.4134497487191397,-0.5216663110911636,-3.599607668275377,-0.6770111767903435,0,0
1.007106749552089,-4.0548210902927,0.2966182460664519,-1.539100237005929,-2.138960052578899,0.3360754125053464,0.5001128296208667,-0.1700465304747981,3.021319647059937,-0.612852310256505,0.8844424373817379,4.835810076093989,0.2456942171275689,0.4995589082492027,-0.018850049662014,-0.2722066699084948,0.928769250979261,0.1388034631621253,-2.75339178116288,0.8353334353648353,0,0
4.894059684685865,-3.442860849811704,-1.2278015690889454,2.327823461346481,-3.549828417010838,0.8583732319721272,0.3651810403026461,2.3112119669949496,-4.659180043795771,1.5552264641542255,0.795234249257182,2.977437137349201,0.8329177490810004,0.2912836656902564,1.0209854609364175,-7.742471366101796,-4.193186426829669,-1.4025019002484589,-9.153110278403602,-0.3468639879246106,1,1
-2.5564766498422653,1.0829948312713449,0.2872202127603023,-0.2042803207448147,-3.146590964968772,0.809846061119427,-0.1484294010641856,-0.7060684304111832,1.39538617406039,-1.956484785563099,0.5858129835546556,3.6019671486038933,0.5638776340696064,0.8247017407860974,1.997262709832035,-0.4105163519912612,-0.2834102143380694,-0.0079025250413184,0.6711070171273714,-0.2308489679037105,1,1
1.5477463986031812,2.3084905709635253,-2.312296530232349,-2.8357435505412143,-6.226745495007805,-1.4771644163123816,-0.5102911595630633,-1.833866756407328,-0.7745978616856154,-0.970806141042315,0.1778297997054342,-0.3443102581419526,0.7614242870171847,1.1026920460743783,2.496296590706297,4.297572597389911,0.3067211126188337,-0.4895195432537937,0.1504179473163232,-0.9201522314576858,0,0
-0.2234674115328495,3.5696447034955483,1.35557473287109,-1.4787147620383514,-4.250680224992468,-1.135432309030569,1.2559370400156968,3.891678355636943,-3.077877328225048,0.5873203622530592,1.124414149970889,-1.4456024767528055,-1.9620800645946952,0.5745617175367154,0.0726964799175502,1.2879507678548947,2.212564005441435,-0.5277381569461375,6.799196775242024,-0.2820770568763486,1,1
0.3513822262296224,-1.1343618757544416,-4.7352227055924745,-4.494619989202841,-0.1305487898205972,0.6140362639572081,1.828974756254353,-0.4728137839108451,1.418539846001082,2.13211260322346,-0.1752433629643115,0.585274956251891,-3.167029486065968,2.2323460331857383,-2.382775067455932,5.983897164383122,0.5287388882194806,1.9420522055972325,2.7894488858524342,1.2985413297690838,1,1
-2.2069325305529173,1.6043886278007329,-2.018137443759737,1.3001178165223566,0.3218127633283245,-0.6958299463922752,1.195941907435307,-2.05523006972296,1.2253256518691429,-2.4444150539238647,0.5567179766334188,3.004653050346536,2.6700949216240843,0.8817464007600121,0.6894459643627753,-2.738861262819502,-2.277529934717541,1.4633535160191948,-2.334855991308795,1.0570434191653657,1,1
3.8346425730470335,-1.1688014997915563,1.1068130612099996,0.5438568748755435,-0.1795473676541546,0.5080122910545997,-0.7131923043661328,-0.786006920404207,0.6813636014599309,-0.6321787975309469,-0.1001727687867565,0.4030272996008466,4.03546891382466,0.2263042077451344,-0.6098812841175512,-2.7602201843076792,1.3185341452691526,0.3724642505664322,-3.443208083408209,-0.6401465050936997,0,0
0.0593023230259821,-1.7165466447131337,2.083084193246165,-3.4325981346696017,-4.030830476894544,0.4367677511104973,0.1142326445023561,3.427080764217191,3.162555567799256,0.5527223990249066,-0.0963612855882233,1.9397631710272527,0.337068519488455,-0.1668396676939207,-0.4383401926777285,2.7111717596950653,1.7460942028842492,2.03503104829032,4.859230208234719,-0.5701935976981533,1,1
1.3157795797508045,-1.459985877898045,0.2744953501101586,0.9855809060807286,2.016947855433365,-0.2836862209271727,1.3163448375195197,-1.2314638803392444,1.3076388285979428,-0.3374605942117104,-1.222750278738175,1.492883957121519,2.217628212622759,-2.908660744480504,-1.2545419125669044,-3.3347267614459466,0.0182490585711291,0.2767307700072996,-3.429005925589004,0.8439514005189311,0,1
-1.902076441469356,1.3972056446337997,-0.9671705403628,-0.0330153779892752,0.2858596374156969,-0.9415339202677434,-1.3600235763105946,-1.1290687772649832,1.1530670271990138,0.7933459922554191,-0.9614718135105068,0.2937164720618153,0.5936961796029061,-0.2128598827563673,1.2791621330928278,2.924089941128316,-0.0563723615701509,2.737962055954603,4.728775808943347,1.93809489939314,1,1
-3.046958091595842,2.431055743428468,-1.0865614260503105,-0.8433599902084677,4.793265112546514,-1.2638715607337163,0.3263810078455604,-1.1606949139249678,1.2999503994569153,-0.9316090786432684,0.0388945162362438,0.7555874392692299,-2.5299174753135163,1.361037360932807,-3.97734736166728,0.5339901932897868,3.547352924955705,0.0623716869741711,4.32682649123739,-1.4899362046402225,1,1
-1.7923099513784888,0.4928410072645667,-1.3420993412109663,2.07596725142177,8.363185752712392,0.4396697222730237,0.9038914006360014,5.629255214871767,-5.800583958895504,3.560440600028665,0.7762935907473221,-4.364262829568469,-8.51451243292164,-0.8859349254651107,-4.197519204929766,2.309899549966252,2.830349093983036,1.1252618160930694,8.735226104769087,1.2098939600191043,0,0
2.697615901881238,-1.892400491809568,0.4185463857166971,4.066549943312296,4.004058252099376,1.7123046874375991,-0.5225209294096369,2.187689395315201,-4.300896940971281,1.0131450389196728,-0.4061514165738035,-0.0138370815823272,-0.6546344549137302,-1.4511039864667383,-2.1243956200759024,-7.63019756191253,-0.8349612144870241,-1.4426792390140482,-5.286895085751024,2.546054535942792,1,1
-1.1120314726209082,4.425062996015102,-3.1876860382361403,-1.0020344061426043,4.036602110044979,0.6673552844546782,0.1811122888894298,-6.406332424650674,0.3034369189232035,-0.208357767272213,0.0001605074070849,0.9488479978908614,-1.9323132918696293,1.0018704135410883,-2.743464744140064,2.0740701041202096,5.511412906848174,-0.9343089926189104,3.935507495024876,-1.517253860572105,1,1
1.038360817633889,-1.185117487268862,0.1120342110388223,0.7413773043143722,4.5066252782040825,-1.1577129239412691,0.5107355496072734,-0.8457673264158259,1.7018652773152745,-0.4341722866955797,-0.758463922930865,-0.2758134236355227,1.8550511426076184,-1.0179494461351504,-2.776100587588383,-2.1193377133970253,0.8530414413156433,0.9082678052082492,-2.079965847873388,-0.1846109944370498,1,1
-2.8133034188671946,2.846686372864166,-3.5598181304304606,0.1076355435540357,5.386975610115263,-1.269923087327547,1.196133717091107,-2.0073360224385137,-2.428816507276471,0.4507997411851794,-0.3389085456758337,0.3709043280214035,-6.530843079725562,-0.6132538146500716,-2.8090887537808604,2.984588466972676,4.563048911735977,-0.7912126565120461,5.633735601741483,-1.438426718775404,1,1
0.8987565064360176,-0.6177086238578322,-1.9141000165537423,0.7599429201380308,0.5932519116335523,0.4637230575571145,-1.1675008238807143,2.775887176928994,-4.25460916308651,0.695674298796578,2.01780644879303,1.5347002515157593,-3.880355374513225,-0.1403162280471597,-2.386465446733451,-4.238063323863001,-0.5408796958336121,-1.931709427739441,-2.6602709358543044,1.1122924498917277,1,1
3.2654564060242164,5.148055138770288,-2.1667150605212235,2.4785212174645723,-1.815568221323289,-0.2847955566474331,-1.178179687334277,-2.8495013342681466,-4.598467424143942,0.1194437250788369,1.110753172414642,-0.3424175215932543,4.1304119883945365,0.432850402519974,1.246223409829338,-4.37000494642585,0.0552374573132752,0.3164011403514506,-1.0278104278692548,0.7911400043558836,0,1
2.4933840988956586,-1.0308705014909192,-0.161445536430122,-2.806032872249618,-6.592941324319873,0.9442148402518143,0.195162047141818,-1.6632529181885165,2.4317197594167737,-2.708421411701499,-0.1787068845634957,1.1883523292500429,3.201497208153657,1.6652522339446956,3.331897755137144,4.66570412095091,1.2334147914575373,0.3487469853149141,-2.2010427031924658,0.537179814541736,0,0
1.0658522283398677,-2.4018411773684285,-3.0959126858716024,3.7177352742551375,1.375930801170596,-0.0700464437279648,0.7254188271577661,0.9444274696400708,-4.660002582977494,0.8619209104448883,-1.03873443416267,3.9096723813449614,-2.5349699724959414,-0.1877016058740368,0.4267335897067545,-5.324991820079982,-2.2695863758029944,-0.3607824240474617,-5.231147745622203,0.0853439555205099,1,1
-1.6555615636713248,-0.0972804261322446,-0.6360323695609738,0.9106023976626342,3.57259371099043,-0.1629121933762352,-0.6337886457778004,1.014287365501143,0.903697230964867,-2.4825326638679592,-0.540763354977222,-2.4313052944237734,0.3875410911498453,-0.4121611450482139,-0.082464356298834,3.241229316842785,0.1668337545247068,2.2528636069106094,0.9780105399134992,0.5634099508221323,0,0
-0.2473463258084249,-2.256579610977444,-2.06245192331286,1.745207793507248,2.971710250414103,0.2582027347011369,-0.28865816067923,-0.0115825853792843,-1.4584416912173148,3.439691508885164,0.4218272861608771,3.027793355966911,-2.3942820371728506,-0.2900304014661926,-1.5739220684301067,-4.561211161672679,-2.7373814018534794,0.2048160802365005,-2.09834573285952,-0.1618647653577306,1,1
-3.329827014187398,-3.7790694334882096,-2.3397640432143234,-1.639048112148639,-0.4936102181856067,2.0064086377129366,1.2374645917335385,1.1959396527029842,-0.6840264224205901,-2.891713025348304,0.878654850180379,3.046163598556101,-9.117601811350177,1.5783426774972855,0.6885710330313999,5.301591604661506,1.416976520979009,-3.7174094612507473,-2.5816996038558218,0.7947585224719341,0,0
-0.9938893118616348,0.4234383639677193,-0.3826324378707512,-4.60336658490484,-7.833884602767386,-0.7256174565632872,0.357470185848724,1.4677511313247082,2.890671566168177,-2.466970479755532,0.4811458907651867,0.7087371664841432,1.1375287421024174,0.3341262473382346,2.57761305068936,5.961558364098627,-0.8496286956092727,1.0645190669509352,1.7171754292217614,-0.1743628364125342,1,1
-2.5308795116260256,3.383815248500676,-1.9832922418348609,0.3434587414661194,7.055039500752857,-1.8794669639461663,-1.796991647279401,-5.063638458768014,0.8491931803518699,1.6376926336749795,0.8623905759176876,1.7557878992183475,-2.1422054943464697,0.1620856926467755,-4.903813596410423,-3.117401148895712,2.840229454356969,-1.0231369763921094,2.8522630404085216,0.0621792298122876,1,1
-1.0751321997247687,-4.821516603159772,-1.0782471207523083,-2.0689852802155206,3.790063370460912,-0.0825135189113944,-1.7052076077760168,-2.458313195706973,5.150450292870561,-0.3428967362589488,0.3366014275621669,2.919116874039265,-1.5955639495432088,-0.8348299105466731,-3.240023084267346,-0.3873736076894511,-0.9189835732105948,-1.2573914181311052,-5.846967330807729,0.5487004763949003,0,0
-1.4158778807140342,-3.6295603220655286,-0.0640062965695208,-2.193221537942165,1.08514723610414,-0.7472218322204848,0.5960086729861199,2.3354657300703026,6.620922492324768,-3.197824827478968,-0.6056556335106323,0.7097686267894141,4.091179128538131,-0.4661081995441796,-1.7397905861538026,1.1011083149507346,-3.239242942878468,3.9324871052309778,-3.267613280386984,1.2204763910810743,1,1
-3.1523261003101646,1.332027014203235,1.4284814491392606,0.6170096017044798,-0.7425664911057497,0.0939064816604497,0.300175049284521,-2.122755300901434,1.489194981480339,-0.1278122535939648,-0.1372117030442004,0.4408746287371323,-0.2836305135874796,-1.9793296949964017,3.262446912833954,3.298371605763207,0.7506094067808751,0.3406459598042767,4.306914807661944,-0.922976898374094,0,0
-1.5703146409961066,0.2014617207247093,-1.3379115532239931,0.3192037388859524,1.9318379050855845,0.1834542264722327,0.6193492954346985,1.069851297501754,-1.5899903826819506,1.5597367547599763,0.1902109593428422,1.3848902525126263,-3.740546244328168,0.0143819962442657,-1.5086965654041222,-0.4048790279712522,0.6483961967149412,0.091157792661528,2.889467150277258,0.0767328593929568,1,1
-0.9295917722867386,-0.1759095046962032,-0.054663823839209,0.5370321814261945,8.581130060767318,-0.4879700579438805,0.3909466508657372,-1.82071065483384,1.0435876324340816,-1.7566426276884204,-0.7420379528929696,5.764651001357786,-2.4529136970401115,-0.7211532139201955,1.5604689711505666,1.1463415962935746,-1.822353572629181,-0.6634774754402712,-4.497565868639557,-0.6359013115054549,1,0
-4.113945928491665,1.4640024920627066,-0.6363627981384661,-0.2376834398586684,1.0001471581504688,1.1522506518727484,-0.0816343600112439,-1.2082520312123566,0.9815761317885996,-1.4920754258508957,0.1853966564677613,1.007006261428348,-2.7536336918841413,-0.366602569838744,0.7487791917807893,3.1735157860789247,1.225846787843707,-0.2560056975321234,3.351385344904734,-1.5445997269056233,0,0
-1.9902910823080928,0.0646696338323741,1.4933663628626628,-0.1964074724390827,-1.41517740556125,-1.3182762920299418,0.4989144009644145,-3.2466018341631244,2.4503193661924216,-0.472194547507453,0.0233851251561811,2.5866987888559363,0.3261743634021229,0.2744601776138416,1.4374029542004516,-1.3488873103686418,-0.5560832020340074,-2.2435436324209546,-1.7556773339194314,0.2296430555677967,0,0
-0.3708586874858904,2.542740257016136,2.1984657057556296,0.8268846667962362,-2.2779438534156173,0.1294466425474442,-0.2425164495260219,-4.3425033847246,-0.1694499191874954,-0.4374246433890612,0.0205901772346791,1.811993585518208,-0.300278849303864,-2.313859495606875,3.638877880314057,3.078806396265233,5.99718781536339,-1.4484185056060737,5.2823818420228,-0.2073567686940046,0,0
3.1171304286957167,-3.2352520783407663,-0.7175232559528458,1.0762717259627768,-3.0926584053495167,-0.7721489637119425,0.6533683837958855,1.9746962664051784,-0.7897394121481809,0.762694904534008,1.3332105613800442,3.190290359265215,2.5088726652081768,-1.071194857868986,1.886805965038212,-2.033231337302455,-1.6915551723483708,2.6434336956984748,-2.6259413221340067,-0.552750787066322,1,1
1.003531062253211,-1.2432050531433905,-1.070622949010578,-0.2636116482796096,-0.8170756030134679,1.6588696944553298,0.9845928948957968,-0.1412983657174931,1.7853067468079498,1.6569664661508123,0.787276293122914,1.0724376927333514,3.3296704349145965,0.7906723186907282,0.4922047437692236,-0.5723421591815613,-2.837686749342019,3.321826438091596,-0.3681478193522574,-0.6411116541527696,1,1
1.4438227610275955,2.040744564894788,3.921771140676805,2.1189164180034847,2.4176545049098905,0.9087634781243586,0.7956870201223867,-0.189019239540641,1.453342511066402,3.019864903406813,1.15875483450987,-2.3780096941942324,5.997496872005794,0.6994500906065418,-0.2153145106546612,-2.115700024259373,1.47978337076945,4.014444443691946,6.635343953845558,1.347678085512624,0,0
0.8213076282911829,0.2173340037458199,0.8944984740833153,2.3924804087979115,4.875310153126357,-0.8565019571194227,-0.7442433669555713,0.3964380571609729,2.063659305131868,-1.5689062359969417,1.371098813911922,-3.6320049300674975,6.688002649264338,-0.8257690954681581,-1.4889627503149034,-3.293455619749806,-2.911601513775761,3.3730621496393187,-3.1063501893275145,-0.1412418210685317,0,0
2.154370350982072,-1.7229734726783723,-2.0995454930967634,-2.559381824370919,-3.025989809205604,-0.0785907959688194,0.2066776285391162,-1.160637911016089,0.1774825825355921,-0.7077639495260144,-0.1336277297267712,1.4903723537155429,-1.635570512281309,-0.129297457035508,0.7277382088651205,4.402197690683491,2.359305948877669,-0.6406891029843976,-1.1986065215026036,-0.0558964666135955,0,0
0.2943227120034627,-1.595266599807375,-0.673849415979662,-0.7857716788132472,-1.883336849530844,0.1224909253744546,0.0873574252602637,0.0436114420115356,0.1758352709781409,-3.071837040256,0.2452917426369353,2.170381872534421,-1.1702559183927812,-0.7308131256087531,0.345197995327038,0.1895308893407788,0.7579204764255332,-1.9787190271913209,-4.472493360386377,-0.3612301929143729,0,0
1.1203815129726056,0.7544904071460423,0.7911441995095314,-3.707119802854241,-8.388438320098944,-0.4215823114402927,1.045056145231206,-0.4997400148236746,2.5024061726309537,0.5045666301305942,-0.750022681565717,1.6185367211096289,3.3274648531466013,0.1207902325011102,2.4765156743250243,1.548059204199169,-1.5159064564889353,0.4011548208063551,0.7340265299556245,0.01433642217576,0,0
0.493329348326049,2.044396560506588,1.9612269606605568,1.5169012812423988,0.5456488460523043,-0.488273724696688,-2.0527824331705253,-0.6967109099146982,-0.7372861871588017,-0.9758520811855264,-0.5603531560598431,-2.531592134023657,1.5241695696346569,-0.7249193428916019,2.003801715881408,3.042977181998969,3.6785466805650615,0.9667934095381138,4.426907642157087,-0.7808049515789934,0,0
-0.4983321788776675,-0.4251940414576676,-3.731787298916648,-1.1791548678087715,-1.9874050755229185,2.1572158874477374,0.0366036565630789,0.3624940360055215,-0.2018661048269545,2.2128516106812453,-1.17038359810434,1.8031639326729296,-0.1670553575240477,1.8142528277002747,0.2289282678770601,-0.3968032506913988,-4.8246107751810525,2.015071485847275,-0.8954310050994376,-0.1818600657901619,1,1
2.357435912064446,0.3962788259590744,3.4184873089434995,1.605712761559194,1.7701617765397852,-0.5488050227771684,0.2819343032051621,0.322741457615971,0.314521202983913,0.5308462279293475,0.6984251343843719,-2.411993960659804,3.563823192779469,0.4564980352506458,-0.2570332630775955,-1.0399889473714303,2.705263381895925,1.2578098911568047,2.334686053565469,-0.9926590154515812,0,0
0.7903088268816113,2.0972834157106224,-2.3582984227705155,-1.0421233775859204,-1.3356146357076932,-0.8386576375205848,-0.6809088291356947,1.430780290543333,-2.792992259166492,1.3809580264891756,1.041732852654597,-0.3690029066377212,-0.7408364261859505,0.6819932992541455,-2.5254648523064978,-4.25909726461529,-3.104248749783056,-1.2395068888307723,-2.1750911090040974,0.404941353815343,1,1
0.706570315605288,0.7773106058078698,-0.6429044795356477,0.9639412682699536,-1.5579304164843226,0.2127261211917848,-0.5963246890919207,3.8863975346996,-5.145134384258129,0.8937283659621954,0.5465897256886387,0.3340289706816347,-3.4797220817170103,0.5286348153345591,-0.3410744672964964,-2.059192186724599,0.3639872296152504,-1.091310166532534,1.299646696358404,0.6381840407282129,1,1
1.6961002002749517,1.7086411775299395,-0.7535953935412767,1.3208078338458753,0.965927674584251,0.3162737802597137,1.366214785205788,-2.612831876956175,0.0048851140191163,0.9025686254480968,0.808988609229009,1.4558740637255374,4.180010383380277,0.2809284969478263,-1.4398575658913368,-6.320692256111197,-1.532011892560107,0.4915230085537982,-2.992927133563279,-1.3673264612849558,0,1
-2.565476336997709,1.5742128369248665,-0.3683935084286751,2.4638636841086003,5.050172776982422,0.7463732418253723,-0.0353168595948957,1.4594610999261937,-3.15077417423042,1.7291855431283558,-0.9220530471774268,-2.613011731549222,-4.180743647002008,-0.8030845807190595,-0.6092455043890188,1.444564759581856,0.9867424968068262,0.5873326362324252,5.6076267891626745,-0.4681245337961904,0,0
0.5394971220440085,-5.254829744431354,-1.6589683295748012,0.662034252864258,0.1000937565681877,1.0615091571758442,1.008415969942991,0.6141669891703925,-1.5162699737719307,-4.179003044904528,-0.6683581639908888,1.945677695484932,-6.092028113940466,0.0940698411915238,3.5292640764654304,9.16329680388714,5.86045645507748,-0.7532940523027363,-1.1451687028517268,1.1850069835830157,0,0
-2.1098054876017214,2.393009038028544,-2.9803262114616835,2.7495780997639696,6.760918588518158,0.2606561547052026,1.3175408190173998,0.2000102616640995,-1.8826334466222472,-2.395454543745244,0.0577541466672278,-3.3439107607714065,-0.4062073563203877,0.5736569632767152,-1.315737184262447,1.4343129290489196,-0.0198991210898256,2.4344242043977435,1.202141203610397,-1.1071832698817603,0,0
0.0067805488732745,-1.5070316183449646,-2.514919232069219,-0.2124252237404562,-0.4983003297581783,-0.0400372075210992,1.533012542249183,-1.585278307149564,-0.5676355145683326,-2.6872427098763936,0.7851265854600545,1.7848515941763188,-2.547773007301928,-0.3098449013640731,1.532482676440423,3.7027649850238538,1.855289664690376,-0.9968427192830622,-2.651630690708443,-1.3945284378654763,1,0
-0.980795359111251,-1.1602249966638971,-2.0987424831680617,-2.050639824679484,-1.9679568275743544,-0.9032931107791092,0.9341414422336946,-0.837403702370493,0.017282737181938,0.4710304757009778,-0.3198322641280793,2.480465810406984,-3.909888398063732,0.4334524416994807,0.2098246231627342,2.169742537208998,-0.0764868179986986,-1.663765492108822,-0.6919164546097231,0.4080960585699445,0,0
1.2311800562440145,0.8443340958091962,-0.5646547090982437,2.7316175641311298,5.207177082855191,0.0216654117035635,-0.4291822902276543,2.4681994976800308,-3.67370450214468,-1.661571016041533,0.1215030098189344,-5.701772489456799,-0.952341356134514,0.0799958552435821,-0.3010434486542046,4.027551195739483,3.2406217826751664,1.9839508850454688,2.982426220604947,-0.8291434854434051,0,0
0.4154928806987872,-1.0696987276212355,-0.8614183484940712,-2.575494521926452,-0.9485170492681416,0.193798713767092,1.027070300644139,-0.341238473175095,2.611522032117802,1.6931802515331076,0.2681669498219737,1.8463161348979584,0.5395864484804764,-0.2155679434189498,-1.6058214999302138,0.5457985538564158,-0.2835464227843491,1.395365001602596,1.1228181835138027,-1.188384670740071,1,1
0.4166865425285377,2.0204223274637694,-1.3133619865298556,0.4977997626453679,0.5471503254322553,0.6623068966479679,-0.5461661042180197,1.3670387976651228,-2.853783882860672,-0.4403824565848415,0.7229969346243232,-1.0343574184122124,-0.6429905354769933,-1.4144630113663208,-1.7232074239112962,-2.754791810791504,-0.6793332837927515,-0.8398933653395368,-1.1062328557201968,0.1206085476135786,1,1
1.036346804089859,3.975116037029784,0.3992542910451914,3.74430768914582,1.7404755345961092,-1.527580941355759,1.209369178334763,-4.862079469814443,-2.057671408495765,-0.2245792106342006,-0.4533534501005882,-0.9617633382093932,3.168466334181292,-0.6662633863607912,2.6345570580544586,-0.5934092579745609,3.066501140402742,0.5137001587222447,2.3335191866462166,0.0054578442813139,0,0
2.620916841622853,-2.6093888892311394,-1.7021339545341363,-2.697151246894998,-0.1657395837229494,-0.4761991603989872,0.1660188478745722,2.179038318608713,1.8267936936467857,2.7139670431536733,0.8889400055930373,1.9159692844182752,0.7980467992125705,0.9964626154129836,-3.129881081316587,0.5861361316553684,0.5618547431865055,3.737577723646532,2.2434694027503617,-0.106132007612316,1,1
-3.201445376322584,2.701227510293072,-2.7432910632285257,2.599569094085745,6.777602295648317,-0.3987017824831894,0.0773742827608335,0.8569788079138376,-4.267429009375944,-1.0606737617140316,0.2567191727957405,-2.466130293256775,-5.357731207261154,1.1842994311567254,-2.300847197342408,0.2833874418563015,1.0609276795319864,-0.8377584350388256,2.091139389491275,-0.9557543578226444,0,0
2.376351656652246,-2.928173546315385,-2.494166818543214,-2.911776175576743,-2.3233627932163343,-0.2856865480922635,1.625330309075195,-2.007573974167369,1.6968603820072887,-2.2723700982261064,1.6923130191048756,1.8201844374024183,-0.9929346015391608,-1.361675030463631,0.6683332257923413,5.639157444463756,2.913020870056779,-0.396884629001031,-3.1066240329531416,-1.0236597461307144,0,0
0.6823533536011868,0.8101781460538627,0.0937556244076837,2.2951471758972866,4.81263117291586,1.0248864327659304,-0.9947717179316954,0.1330560428472824,0.0814866461079689,-0.8468725254332824,0.7887540438854471,-2.91567159647061,3.3486279604479443,-0.6189888028476827,-1.4186626456446376,-1.5687486988784154,-0.2920078834072508,2.386624990777227,-0.4264478593760283,-1.2245569402250898,0,0
-2.6998766630188715,-3.0173381146896987,0.5077049803735021,2.39305421709828,7.607406920138321,-0.366633878668933,-0.6353053696216646,1.6510760410972891,0.4744823478342587,4.0922075519921,-0.3239808507005772,2.793376860859332,-4.58468684653541,0.1367465026484631,-2.714441627602795,-0.6827714934555907,2.296651959340081,2.737797677955238,6.723829131495425,-0.3330397757389188,1,1
-0.909523933912002,-3.184967960525827,-3.635049736228534,0.9581440576489946,-0.4272149212419114,0.7834681062089172,-0.6133636006232359,-2.387599942444341,3.344557111000108,-2.833957891755195,1.5159451462942335,3.5192108565184728,3.8508812468917406,-0.8073800562841116,3.119511142441821,0.9249784250329915,-4.914927821708318,3.551029392396326,-6.679244100244029,0.039864207491586,1,1
1.5866193028924314,0.1919433148806066,-1.5092119733212956,-1.102983890675053,1.5455185655254515,1.5080828501440209,0.5114152550218797,-1.1060176742267656,2.1508711019458016,0.2637154123787348,-1.076816973627056,0.1887447228314632,3.2989273392456147,0.6067300025201064,-2.3424774491458056,-0.5655475609422247,0.1568814029338731,2.657930608987115,-0.0924928146399533,-2.093178022391159,1,1
0.1939098452342966,0.1264178864746384,-0.3327158715165872,-1.863302933083566,-3.36134154208935,-0.4086723457060416,0.5902703110753222,-1.7326031424043062,4.528706331760644,-3.719033991810903,-1.289382089103393,2.8418591878322017,5.235773177942985,-0.1022663502175925,1.2676140814831256,1.6300651753785669,0.6922325802181424,2.5718704073053096,-1.0615737972287376,1.507707699313365,1,1
3.955871206298744,-0.4926452199545326,-0.335776369868596,-4.899760149852887,-5.73300915589015,-0.2105349403529919,-0.1591494715377279,-2.103292696979251,2.3149117102425336,0.5975883155984283,-0.6389850540666776,-2.792993523330908,2.182162465368706,-0.7163942937007461,1.729245835533833,7.491835342196293,1.4534892233321342,0.0574376733348291,0.3862076350119456,-0.0381345688246403,0,0
-1.774344360138192,0.8370225150181173,-0.7566245853785434,1.278592948355036,0.8479496195504909,2.480650917512143,-0.4969631329205013,-2.915041715835335,0.9697654179590274,-3.290984700944824,-1.3321257652766474,-0.223186458417014,1.0590556399296638,-0.0849665968881474,2.469976454852304,2.30450370441598,0.0033986444549788,-0.0819758367492691,-1.9037675329267008,0.8093109039313008,0,0
1.325254983009735,1.7053705611770078,0.8556717062964861,3.741196591656659,3.8492127374120666,0.0192188522172703,-1.6950177929753076,-1.454194202936958,-1.78202510908697,0.7229656827066788,-0.6962935790523948,-2.8957619984930165,3.0500435497148644,0.3673193878491966,0.6532374912353782,-1.9238034211955324,0.4009032435457083,1.4158879499470791,0.730204486954162,1.4094344240509098,0,0
2.0690768837993327,1.781904164106038,6.245315430563729,1.940963482086704,-0.9414647110242852,-0.5913493797982777,1.3879655839733676,-3.326698741034844,4.256515524020395,3.273819546853158,1.406232359262553,0.0500555555055821,9.766763218129457,-0.6328075992221822,2.053377326568002,-4.148211460764853,0.8766447784339184,3.29168395211324,4.752561811499131,0.7385660392020614,0,0
-0.9596027595259632,-1.6997190529123012,-2.432143960972462,-3.20304944408801,-4.874329396641757,-0.381771196674043,0.5884361802403073,1.0040411536786484,-1.872228679898388,-1.982779276166244,-0.5773420157083338,0.8940927091470878,-7.421949375577913,0.4375062034730363,2.608350522490013,8.568247977673073,2.354115538337346,-3.0209974366611334,0.3484171674583079,-0.7418431610084755,0,0
-1.86977668108828,2.100456792606892,1.166176072378316,-2.8031972485135084,-4.081903086944617,0.5136752157933061,-0.6614878852815197,3.088240641967737,-0.8967043201936924,-0.8680421754577232,-0.6270365091498445,0.7469849762588723,-4.103092504706277,0.0746280098168473,-0.01170738865127,4.046223804965846,4.2007424620468665,-1.067346714961976,7.253246476242573,0.0411795169489348,1,1
0.8023829964921145,-1.0145226096960922,1.184345677715469,2.995173705547005,5.467614648769003,0.6427171526314838,0.720639231357267,0.346883150053345,-0.5462558307832249,0.8446246768528962,0.8892634247589758,-0.2344078838121923,0.792504500720438,0.0773637302840967,-2.083681428071878,-3.838204671063405,1.1444230105272548,0.8926740920317987,-0.2905094729476337,-0.3009352929701331,1,1
2.3791395404024787,-2.202849118953025,-0.4377428330305961,-2.134997367146156,-2.5312743120753805,-0.3360666965057405,0.2688049344392308,-1.1463527285049746,1.584359299213849,0.8816462740594628,-0.687784294825431,1.819307466292316,0.4065280210923094,-1.5105460503694963,0.2914226238382003,1.9807870843686408,1.341361330164051,0.18759946002632,-0.7777550096154349,0.5245846830476146,0,0
-0.4763219884120873,0.9975817996113732,1.961771907183591,-0.654182449105422,2.686812811664028,0.018999082259871,-0.5212548068561296,0.6882727080694375,0.6436081299839194,1.2520866340346268,-0.7274539247231182,-0.4900886059937739,-1.1851593947763417,0.6184072157441348,-3.502779177772135,-1.7782069463992662,2.7305186714197216,-0.8513617328153811,3.4280895922439534,0.8467711090082444,1,1
-0.0158533064688517,0.8899411335500245,2.048785640919181,3.5813126190327327,4.642644435904803,-0.9166386933635472,-0.1113544023855112,0.5466114513429519,-1.666262907934769,3.710355480570179,-0.950175462069795,-2.968639679722972,1.1180584107102485,-0.2101556041908746,-0.2032546763864269,-2.603224673480061,-0.8097702275893537,1.7748532756140545,3.8299426733396937,-0.9896592875112686,0,0
-4.943535732917232,3.9457646131763378,-0.1985070546572268,-0.8593829481965506,-1.101466126099133,1.3878459703459731,-1.1193908797459098,-3.949880420641768,2.384945955313448,-3.4771099928005857,1.763298800299569,1.6464949995886111,-0.2940626194155227,-0.4731831063071136,1.359679007376363,1.3136236295411745,0.4420344063336555,-1.9676412420956573,0.9471302619278056,0.571530696900742,1,1
3.870001510784208,2.953571617301764,4.297037822656255,1.34521902957021,-6.479203256362221,0.2448973017127292,-0.6032968487781549,-1.264019577376933,2.1196397929497017,0.6137106001198516,-1.667665266190862,2.037253982389762,12.466202736360405,0.573558836877425,2.0301838583414664,-9.903384354624905,-3.224706872602398,2.1677832943780166,-2.4763422129961965,0.365169001048321,0,0
-4.595459997410817,5.627290438478282,0.6066094367321369,0.4538310311132003,5.742245716066448,-0.8571723738917058,0.4918144010879626,-3.3797864607634387,0.314305478965644,-0.5676400442920739,-1.0562704077481062,1.6775967584262628,-3.235372947659655,0.7733998160676113,-4.651678367437247,-3.4167174209140136,5.149554652003081,-2.711386232257261,5.687206555149907,-0.1645145317961699,1,1
-2.427529265044287,1.161288957346795,-3.1286710690467388,0.1791838522637,5.815749972233117,0.0174289529581017,0.3308635310669119,-1.0585419957889814,0.8185227066528568,-0.3525563456667506,-1.309731974367632,0.2456834930198411,-1.7909123856852558,1.6787838073868548,-2.739888068077613,2.343211005364137,1.8831728345890568,2.684592896397765,3.950672208548126,-0.8483778038821382,1,1
-1.2603164295224407,-0.1389898782307763,-2.8869942828986352,0.7676731184952543,-1.368901203194884,1.862869121400177,0.1246633934075568,0.3641110069548985,-6.17123302107582,-0.7937436363940074,-0.3516601838342151,1.6738776469544772,-9.130116263618625,1.0994637713956532,1.6379553147285852,2.035225647250684,1.734261032350089,-5.03055757542235,-1.541989241157661,1.2592837114361684,0,0
0.5479227513844815,-2.163953749173513,-2.550145796166112,-1.364616234737301,0.7654079871197426,0.1622232168988319,-1.6352902700715526,-0.4809946532589106,2.1570970920323167,1.0695166959618465,-0.1498780335221683,1.977703166471319,0.7080032440552707,-0.9186164585230326,-1.254237411194289,0.7669068400547251,-1.3579860602962175,2.569883370261266,-0.863511859665221,0.7091143896332839,1,1
0.158676450674422,0.2530892104443705,-2.6497816297157595,3.833174477553984,0.6925942780726748,0.898726774013644,-0.6078099800296577,4.453443914063103,-8.370936980489562,2.347721826032029,0.7859928127031317,2.2194399831501714,-5.399856541413006,-0.1356012399008828,-0.8066210973264726,-6.9803546570880926,-2.4916365647530654,-1.4547324361285123,-1.497475599017898,-0.3063954270865195,1,1
0.9966650506405368,3.100680873017101,-2.586074171184616,0.3190582176696852,-3.20600799594194,-1.038540857035756,1.1127981956129065,0.0862990798978919,-5.931089778311437,-0.7624986645995435,-0.1693288571150473,0.1630277489680881,-3.424237988860091,-0.402833428474804,0.8085862680055653,-0.949122665133208,0.8039014269563285,-3.309551110985607,-1.2830930604237747,-2.477506118629017,0,0
2.5568682201754225,-0.060768758173202,-2.681866731292501,1.2615894356401958,-1.5665379806403856,0.1829145636202559,-1.8537322412191235,-2.083250581012748,-3.5193294535301964,-2.156504768770561,-0.1091930945005526,0.3963089895909694,-1.4514570077175952,0.4621540960596773,3.4125125801533214,4.724301680063401,3.8264913515076406,-0.3268583577885013,-0.8815894986918024,-1.185921599186856,0,0
-1.2825984604365974,2.179003798350472,3.6898513294348447,0.1693677315957047,3.2170529925284286,2.0862641008080813,-1.2949318853402605,0.7108101009146872,3.877321089168622,-4.70227664629064,1.215065605591639,-0.2833578074203671,4.314087486846334,1.4588853886324693,-3.287684756588016,-2.523435442876065,4.171899845303264,0.9705320351645814,1.776523072782061,-0.4507844930934654,1,1
-0.4093888645211724,3.792207635216476,-0.4593975723829234,-1.5964479095525212,2.9843178783365905,-0.6755685285912163,0.7074872072053618,1.3707385642837084,-1.5014878908934324,-0.6408478004718294,-1.2806121453611083,-3.4466371198132952,-2.7074761208963745,0.3749076863007757,-3.6883387056752728,3.60900721620154,5.59263158821909,0.1825398454264787,7.246427457932666,0.7435106703345966,1,1
1.6874374713345952,-2.837915495937457,-4.640415522439212,-0.8985291765761276,3.046073770035916,2.44125584526534,0.6095098962124401,-1.8882003594980208,-2.9315748135419097,-3.144131668675637,0.8290984400183357,0.0838667551604458,-7.271297191440232,1.917287968605754,-1.6785202961873829,4.644584851793868,4.2276547757975225,-4.262469744694746,-6.22551712915396,-1.0325332762094106,0,0
-1.3501831884218876,1.9723501557960577,3.502173579229746,1.673470552262438,-2.8041969782532328,0.6961897158262457,1.471400348166522,-4.080095075474558,0.0677237651945076,3.452034521051319,1.0902442836580648,1.2717691338438035,0.3213837953866258,0.9075323007926968,4.91618326686149,0.811718597637791,1.4189350669020206,-1.0736698637712894,5.764395045445907,0.865271157294546,0,0
0.7630049842356394,1.53792249121816,-2.4032760789637013,0.7547326551175222,-1.2171995200263148,-0.8539202975207183,1.962068361898528,1.6513107660477573,-4.441701703021367,0.0002025382360482,-1.1933788124438198,-0.2561209971113583,-1.4407631606380638,-0.7920035740952445,-0.8628617321074497,-4.293015156271437,-3.041544231976185,-1.9172747287657912,-4.021426941162957,-1.4397052966180357,1,1
0.6702801312515949,-1.991649962154752,-1.4339248156788824,1.9043153742447103,5.490323268809107,-0.3206244763068115,-0.6075209099207104,-0.7421992903097985,1.679752800187786,0.059901338014858,0.0850458602001818,1.033637070979844,2.410339430159826,-0.7159672231839423,-1.970264777519116,-1.75608331873383,-0.1653426453567703,3.503358236725523,-1.31731300803547,0.8643914974066649,1,1
3.868877197454037,-5.303729681240204,1.74086796775285,3.297086628872106,7.093563853697379,-0.733391370914118,-0.8591042740501407,-0.5673411618263753,1.4671246970627665,2.2175173403518507,-0.3236827540411877,1.0664306532397425,3.161775982593644,-0.7245322690342489,-3.6435306132244487,-7.793421627630249,-0.6189800410490637,0.7315128214691773,-6.759570992411732,-1.1201988014411794,1,1
-1.0354339207550751,0.7172871481314629,-0.6584119857488697,3.235847094011784,6.7193893012409465,-0.8012203598128833,0.4562033191517433,3.2413138777634902,-4.869852887332663,1.4082123944163691,0.7451868818938278,-4.902414484836391,-4.466322431125377,-0.4020493002747899,-1.610806538179984,0.8934654463787494,0.5666021497547581,0.408158353462116,3.453446160814186,0.2106354452150584,0,0
0.7906576458183283,0.5240035662360021,1.3264425244054288,2.3543353449388777,4.202098142173297,0.6689644817181823,-0.7185427067790403,0.2308178167393486,0.0032207700909273,1.0003524847891887,0.3447749725922945,-2.3621768472404394,2.9833266221032284,1.8321196075773007,-1.4000117693795655,-3.039192010352588,-0.5954328102593589,1.7303173433848082,0.3612147165274613,-0.5588162917367949,0,0
-1.923632598427608,-0.1856786837441155,-2.6424537811828475,1.0230844856993435,4.74731217313171,-0.2145209503359089,0.8658725885843434,1.3842144614143113,-2.296038606123698,-3.3811495102060967,0.0853397757948938,-2.205292583817544,-4.4776900605420575,-0.3537907311423138,-1.6128633884723222,2.322969862156029,0.7178389189599698,-1.232970227601343,-2.2244792201396755,-0.0313411526697224,0,0
-3.4672952165063897,3.349288414838178,0.1342509775634532,0.4982695746244534,3.672936582876446,-0.7472173084867436,-0.8463469915126599,-6.959322392125409,4.616690544425774,-3.4752563533561123,-0.4626447418812982,2.723420859634781,2.850673612067064,1.2366197421429752,-1.085478952151708,-1.7650583697302349,2.493430062902557,-0.7965739429723107,-0.5576883912991222,0.94686146164618,1,1
0.2317928120790248,1.9367394225226715,0.1121466583465311,-2.0150182870387168,-4.092912036229482,-0.1535006955697838,-0.8664477699523984,-0.9414933170057764,1.603493980090733,1.5514123915568154,0.405850266692899,0.5505764474561861,3.130304758450754,0.9067842666754292,0.520668074567977,-1.1216057435500584,-2.4140067855314262,0.7854595059696665,1.018679436848305,-1.308684130989139,0,0
-3.023248462020881,1.555421689812062,0.1190087597537674,1.6316730805274695,1.2677929586294838,1.1370588600455225,-0.9112800569029584,-0.5392829679384854,-3.0146984685097835,0.9538981398362436,1.4844340384402286,-1.1028331089124437,-5.176684689315416,-0.2052925216285141,1.732749010251477,1.897932523852585,0.5995365117717888,-2.452740335632826,3.0601714772108246,0.1470108336128635,0,0
2.750706560447467,0.5480511653868247,-0.1425896317238268,-0.3592365067231251,-1.5628681250366183,0.6847148540498922,-1.0769545408779464,-0.4442048725396995,-2.6649310315018573,1.02298045044624,2.148706293937052,-0.6835317192143879,-0.8736770922986422,1.3779743339254138,-0.7001217460826961,-2.084429877649264,0.6238195929429078,-2.8161223947250047,-2.507921634268454,-0.0885710672687899,0,0
-0.1669523649655142,2.794825217709275,-3.017735845915704,-1.9911270636411813,3.0303825537304414,-0.66778239428829,-2.196446261643099,-2.987440237747934,0.0059110367191147,1.3430746484370235,0.9878344213079936,-1.8463707642749887,-2.234922817416888,0.4708688593753808,-2.078017738815652,5.811602670589595,4.293492836237452,1.274871882622554,6.423411249048229,0.8027275724376978,1,1
-0.3481810990964701,2.162918024976708,0.297225956735645,1.573732101704716,2.7058238119865434,-0.512493390880902,-1.154636948884728,0.2343671295686278,-2.667422806567817,-1.1472925142894568,0.7641876161355642,-2.326363770115267,-2.262463086927905,-0.8806064597816493,0.1093063647864152,3.051622732007046,4.705203883633529,-0.134240673326689,4.658491995183542,0.3017919306528727,0,0
3.599419082270123,-6.3841751924875245,-2.673181970847935,-0.3319852860130534,0.9006107474100424,0.3066969420298376,-0.0149440794210742,-0.5344035637836995,3.0241185951503065,0.8218396523390844,-0.7962901889920904,3.553504267540186,3.46739301266492,1.9725799044469323,-1.3298202133050925,-3.209244234905224,-4.129854511886375,2.575096147313497,-9.021660427854028,-0.2812124622882884,1,1
-1.740106315307179,-0.2072077876632894,0.5328280810841157,-0.3482614297967008,0.3863153589890206,2.485313924533686,0.1361246340758442,0.7355591172046352,0.0338996740877557,-0.7354253114815144,-1.222362807004254,-0.9667598989302958,-2.975611588408191,0.3619078363609881,1.3689240820090354,5.622712657333442,2.8150164835389004,0.2878017465308351,4.539851104635431,-0.7202785765879318,0,0
-2.602198011328784,3.728995297393025,-0.4784416519669139,0.4517930532492102,0.2135886323819003,-0.0749375717237234,0.0288488947931849,-2.499603861339509,-0.5691889823116797,-2.464630751886136,-0.2031320463234281,2.841313629669057,-1.776715045442494,-0.3049812998483304,0.1159986320949233,0.420198472607527,4.5680359671965896,-1.1841600879231855,3.797525120078054,-0.340019790623457,1,1
-0.1189277855724724,1.7490281582151874,1.768919183515734,1.291645885322783,1.5106636484402878,0.4345400972542903,-0.6855545714835052,-1.5026289412388976,0.4738731454339847,0.2528249006584055,-0.9287363155327848,-0.3708558827384265,1.5663787134205178,-1.4889222560705766,0.5287452563980767,0.5934770677875284,3.2058529041931965,1.1371732297372097,4.430678153982552,-0.9617624207732018,0,0
-2.4627302591850224,1.4132739900068063,-1.294601866187979,-2.7139532284682346,-3.604205369503565,0.3237550672314934,-1.4904928657368934,-1.1761282676582716,1.0320083418846748,-2.335872857559688,0.8252244191816259,1.7767831780942984,-2.789300441270372,1.158565492822322,1.7414740638465074,5.798944557172112,2.472664930984976,-0.8734226216173209,3.0881594694854093,0.2424629717227108,1,1
1.1625816779766325,2.3561286904722296,1.0533756762297213,2.8565468360093544,5.604083849192728,0.4828487457481086,0.3147625614551637,0.8905292797755202,-0.6627295055162148,0.4386710454516687,-0.9222192771347149,-4.050725169378259,4.089868470131949,-1.0513218142392298,-1.801816179169588,-1.2378515478928225,1.6048894533051228,3.949094710167613,4.259251119218845,-1.654510394912746,0,0
1.631861793827587,-0.6786022512034102,-2.0496890656550706,-0.977907083136593,-1.6550185093791645,0.9780029759984088,1.2705292241471429,2.900475387105941,-2.095279287505749,2.2020335750634787,-0.6362568349860365,1.1732950438702217,-0.7826246120893958,-0.3446348370081561,-2.148657101563365,-3.731241906067511,-2.9921286261446385,0.2909618474090578,-1.9131628924071844,1.601992654613413,1,1
0.0690671542263624,-3.0112568731629987,-2.685338958904236,0.153049995048335,2.240378200396319,1.3655603704321777,-0.0464965811265579,-0.6397466959299041,-2.581912191331283,-0.9095916611026552,-0.5895789959361277,0.2815684676337491,-7.194221265437902,0.4500546711851462,0.6336735178325457,5.8056264333588885,3.5133530961992885,-2.3063452667632807,-1.1435884587577134,-0.1210754323905538,0,0
1.2228362280004397,0.6050628169513959,-3.0193190187390075,0.2601514688241952,-2.09154367291886,0.1152398669720183,1.2979401935351325,1.4784770033276748,-3.833951903304216,-0.8701411131695151,0.701255639443369,0.3647915224240734,-1.202422766610615,0.6460832412118543,-0.0866495033895586,-2.419649484571837,-2.508657043679044,-1.2744166545243494,-4.489169505501438,-0.2434064747951195,1,1
-0.5655507244630802,-3.0115221354940065,-0.1151686391929959,2.475906102723302,11.988010412407103,-0.6633383235123018,-1.375149392040303,0.1032234397034731,3.741802368257573,2.594663321614377,-1.4108022850909592,-0.4293342736741499,1.835013834543835,0.2034820034522876,-5.456203579169829,-2.0391162969753305,0.892328968843785,5.654677520679278,2.965663450260651,-0.8121694717263299,1,1
1.688499455642622,0.1215851929496717,0.675819777370505,2.198416489704195,4.758031143830207,-1.3411300326557107,1.5279815736395113,1.2298769840845538,0.5324176894708075,-1.6153548097445023,0.4321202439837694,-4.083222312689154,4.4644006642243,1.1967632249804383,-0.9550062804023648,0.6691113489579688,0.9711052379675388,3.862131478873922,0.7425358966865221,-0.97509885578694,0,0
-1.2010177971539235,-2.512662775443069,-0.9869530978041277,-0.1917966608173846,-2.2322773609423257,0.0093953545758494,1.056288483746123,0.9148561050601312,-1.7790867204984258,-0.8923412750910719,0.0134204853884601,2.2731742663156496,-5.820477380197521,0.3975277565731539,2.980333228368786,5.247327409479882,2.161227394831833,-1.4613083975021657,1.0068401500277635,0.8549039226364025,0,0
-0.3013487026987539,0.2879441109514332,2.908557757751241,-0.7245578956563081,-1.5075821400396705,0.2010335037165706,2.110342652096377,-2.310447357831208,4.638692249556549,-0.3724438218041674,1.4401101200691735,1.4587652847477228,4.590210458364054,-0.6248112045358892,1.280598165706278,0.5417215881169177,1.4151535060229383,1.6813291850139809,2.408797103640462,0.3496497571474736,0,0
-2.7111215429049498,1.4456801546858573,-0.2425054397786517,0.3245239422909325,0.19185379260566,1.7967534654264914,0.4394858279957648,-2.041491126852028,1.7908913961007955,-1.6118489663008275,1.9852265356713568,2.507164607000281,0.6407126153632445,0.1667936645309926,0.6116754754884175,-0.4533784190221537,0.2495476711729795,0.3226433188010228,0.8656652586900913,-0.4875445564065926,1,1
-2.109991299227179,-2.349432633327732,-0.8647660928270657,2.2986767727641024,-1.5889717669823034,-2.103484344636994,-1.2666432472324165,0.7339902324927294,1.6689946268972935,-1.9106644152887733,0.0218201577060375,1.3958757223985916,4.474294109065425,-1.4169608262547748,2.175565881237485,5.494716236309079,-0.2027838368548348,0.0180473309387738,2.3998133192988416,-0.6267058944443143,0,0
-1.3240448125538269,1.0407648197302122,1.5625518647024743,1.221942634445159,0.5396974767882723,0.2315187720464615,1.3150480595242016,0.0362840672024484,-1.9813860298822288,0.7366799584583039,0.4026569816471609,-1.52791037057442,-3.339827299338725,-0.5696300765463775,2.2450264718970265,4.265449706662412,3.5227990610925577,-0.645913395362798,5.965519245813379,-0.3152781874521438,0,0
3.78291079301126,-2.6767044109369103,-0.9132026984540896,1.7951347001822464,0.9577297234579428,-0.1572363920285521,-0.0589263545230516,0.1853360987029129,-0.7102226312607506,0.1083480738194395,2.1069401822631857,1.0967972773009875,3.500679996665282,0.4857471474554596,-1.102631258611276,-6.064444033425321,-2.888809422689356,0.4545878676122027,-7.938302307333519,0.8381772195994377,1,1
1.128956215440627,-0.5535041450692815,-0.6227806569929355,1.5525907367241316,1.6000130297951956,2.017775813175065,0.0439083018771567,1.8167896256561389,-1.025981273651333,0.3582422808683247,-1.4509129285940126,-0.7456207160122006,1.8396273763088031,0.5772623672009194,-0.6806609117711306,-2.320009147668943,-1.8289851440657408,2.061404655113156,-1.2031615907905222,0.4595754883110654,1,1
-1.1441105965704428,-0.7460253035121338,-1.1838281501269063,1.851788383011676,6.064184272569857,0.7833042370887136,-0.2670037617670316,-0.4609645818873953,-0.0233754238849536,1.22524381557379,-0.1244566297144221,1.002187217662479,-1.6274991019112777,0.8690312755308397,-2.452705825096193,-1.262006980587689,1.1564078623710254,1.5803174727215332,1.7692833661930156,3.284118201287884,1,1
-1.7311483226462037,1.0005166028376054,-1.1922422574414673,2.3194775949000395,3.3825675168396683,-0.3585425275626097,-1.450163167036702,1.3525356141875196,-3.5221556236946854,1.3096782092646924,-0.2358714645336772,0.0704528630534716,-3.884250066121716,-0.201038771866635,-0.9099766339637104,-1.3575206583629733,0.3466863920176155,-0.1192126306223329,2.6452144253044327,0.5463989516672716,1,1
-1.4562559313973675,0.6649020051841337,-2.6466657743332505,-0.5632688062698046,0.9837535252352044,0.1886123419750117,-0.1816609271858047,-4.308827052548593,3.512285055159277,-2.9258386628094,1.1671959833590948,1.197395482792619,2.791297999696049,-0.2473929399474357,1.0473751934228577,2.9825505740707805,-0.3318998555291692,1.977441829655052,-1.6686173748653388,0.722776773932773,1,1
-2.611487581793813,4.131237953833836,1.9315781276753792,-1.6726517813641082,-2.415733457519448,0.3091577195174642,-0.6840460303790417,-0.6983844513535198,-0.1768045728506466,-0.308814617138897,1.5271323841551303,2.249994495366731,-3.119925954298408,0.005085396128234,-0.3092715895137841,1.584114160566939,5.88866020204771,-1.9897188738119784,8.270249513185886,0.3520386129581204,1,1
1.4554333825904435,-0.591712730964435,1.858279330192896,-2.494159657428864,-1.4757154380798752,0.1650252624387116,-1.3356066666463606,-0.7712429136847221,5.041013102777933,-0.7548487518261917,1.2224021616505023,0.1428733020073612,5.011854864126574,-0.6603813705355391,-0.6252903487622625,1.7411711684250066,1.570125790987296,2.505302509545197,1.4521067449271958,-0.9448144902417202,1,0
-0.2279451870821193,-0.2944430222117389,2.430755815622732,0.6938275935167313,-0.8853247260507258,-0.8979419856402304,-0.0196807543282693,-1.6428845082728056,0.7363898851593698,1.0542318196801812,-1.0851415431623328,0.2573868203850507,0.2701914896506608,-0.3730586676639155,2.081049610270001,0.4663834238634492,0.8922681437080248,-0.9920287928298904,1.2441737355712583,2.1669592672469657,0,0
-0.5017334150985876,1.2568756610497869,1.5709133442265155,2.429806722264152,2.6969318021161346,0.2048573002176907,-0.9205832258364774,-1.1280296719950398,-0.3123046180601824,1.4750197820879405,-1.5702366540818449,-1.2677814474290163,1.5308658992740865,1.516288450556014,0.4263054544165394,-1.8455662306757008,-0.0995078221684038,0.7354252867103447,2.027182467312062,-0.7043603242208816,0,0
1.3666751735272995,1.6852325839405795,-0.1496148374026152,-2.227428839418195,-6.403956124806962,0.83922514466879,-2.2082780198800926,2.1723828989567573,-1.5054589569584595,1.9737063491750049,2.317516231196855,2.3096826610645165,-0.2461767801775935,-0.6525979093314883,1.0601467383483762,1.3062660757344966,1.8301698330638128,1.4188569201231844,6.083196142890462,0.6520802373549079,1,1
0.0966639524834239,-2.786229033557448,-1.4304415312787333,-2.317069253187058,-1.2118725227174512,0.1227289077054837,1.2869472861164193,-0.3947009257290713,0.9131234062659964,-3.5229345381984896,-1.1627104393277614,-1.0214573858780192,-3.4635183731066457,-0.1245484796864237,1.6495246460342303,8.239598426831668,2.505480988491469,-1.5804580496958862,-2.2808015208356727,-0.2427285893110286,0,0
